{
    "metrics": {
        "iteration_duration": {
            "med": 1035.4864,
            "max": 1035.4864,
            "p(90)": 1035.4864,
            "p(95)": 1035.4864,
            "avg": 1035.4864,
            "min": 1035.4864
        },
        "data_sent": {
            "count": 1080,
            "rate": 1042.8175075155277
        },
        "http_req_sending": {
            "med": 0.0219,
            "max": 0.0219,
            "p(90)": 0.0219,
            "p(95)": 0.0219,
            "avg": 0.0219,
            "min": 0.0219
        },
        "http_req_blocked": {
            "avg": 16.2493,
            "min": 16.2493,
            "med": 16.2493,
            "max": 16.2493,
            "p(90)": 16.2493,
            "p(95)": 16.2493
        },
        "http_req_duration{expected_response:true}": {
            "med": 16.3474,
            "max": 16.3474,
            "p(90)": 16.3474,
            "p(95)": 16.3474,
            "avg": 16.3474,
            "min": 16.3474
        },
        "http_reqs": {
            "count": 1,
            "rate": 0.9655717662180813
        },
        "http_req_tls_handshaking": {
            "med": 5.1421,
            "max": 5.1421,
            "p(90)": 5.1421,
            "p(95)": 5.1421,
            "avg": 5.1421,
            "min": 5.1421
        },
        "checks": {
            "passes": 1,
            "fails": 12,
            "value": 0.07692307692307693
        },
        "iterations": {
            "count": 1,
            "rate": 0.9655717662180813
        },
        "vus_max": {
            "value": 1,
            "min": 1,
            "max": 1
        },
        "data_received": {
            "count": 5520,
            "rate": 5329.956149523809
        },
        "http_req_duration": {
            "p(95)": 16.3474,
            "avg": 16.3474,
            "min": 16.3474,
            "med": 16.3474,
            "max": 16.3474,
            "p(90)": 16.3474
        },
        "vus": {
            "value": 1,
            "min": 1,
            "max": 1
        },
        "http_req_connecting": {
            "max": 4.0818,
            "p(90)": 4.0818,
            "p(95)": 4.0818,
            "avg": 4.0818,
            "min": 4.0818,
            "med": 4.0818
        },
        "http_req_receiving": {
            "p(90)": 0,
            "p(95)": 0,
            "avg": 0,
            "min": 0,
            "med": 0,
            "max": 0
        },
        "http_req_failed": {
            "passes": 0,
            "fails": 1,
            "value": 0
        },
        "http_req_waiting": {
            "p(95)": 16.3255,
            "avg": 16.3255,
            "min": 16.3255,
            "med": 16.3255,
            "max": 16.3255,
            "p(90)": 16.3255
        }
    },
    "root_group": {
        "path": "",
        "id": "d41d8cd98f00b204e9800998ecf8427e",
        "groups": {},
        "checks": {
                "200 OK": {
                    "name": "200 OK",
                    "path": "::200 OK",
                    "id": "e9654c443eff553da9e69eda7007924e",
                    "passes": 1,
                    "fails": 0
                },
                "201 Created": {
                    "name": "201 Created",
                    "path": "::201 Created",
                    "id": "728dcd977aae263ca314731145e1d447",
                    "passes": 0,
                    "fails": 1
                },
                "204 No Content": {
                    "passes": 0,
                    "fails": 1,
                    "name": "204 No Content",
                    "path": "::204 No Content",
                    "id": "54fa3c2eda34e1622fda2da5e0479fc5"
                },
                "400 Bad Request": {
                    "fails": 1,
                    "name": "400 Bad Request",
                    "path": "::400 Bad Request",
                    "id": "eeae81934b9b58bccaf0184a6d070338",
                    "passes": 0
                },
                "401 Unauthorized": {
                    "name": "401 Unauthorized",
                    "path": "::401 Unauthorized",
                    "id": "6ae9254e6aefe7f0bafe5102fa7e20a5",
                    "passes": 0,
                    "fails": 1
                },
                "403 Forbidden": {
                    "name": "403 Forbidden",
                    "path": "::403 Forbidden",
                    "id": "655548b761742c5a7ad15aa7df3a5d9c",
                    "passes": 0,
                    "fails": 1
                },
                "404 Not Found": {
                    "path": "::404 Not Found",
                    "id": "df1528f9925ca236bac51008f77b774a",
                    "passes": 0,
                    "fails": 1,
                    "name": "404 Not Found"
                },
                "422 Unprocessable Content": {
                    "name": "422 Unprocessable Content",
                    "path": "::422 Unprocessable Content",
                    "id": "d94c37ab64a32602add978a71bd22822",
                    "passes": 0,
                    "fails": 1
                },
                "429 Too Many Requests": {
                    "id": "b810c35b9499cc7342fd415032e3a6aa",
                    "passes": 0,
                    "fails": 1,
                    "name": "429 Too Many Requests",
                    "path": "::429 Too Many Requests"
                },
                "500 Internal Server Error": {
                    "name": "500 Internal Server Error",
                    "path": "::500 Internal Server Error",
                    "id": "3cd96245b24e869810efe46d533b0eef",
                    "passes": 0,
                    "fails": 1
                },
                "502 Bad Gateway": {
                    "name": "502 Bad Gateway",
                    "path": "::502 Bad Gateway",
                    "id": "712cb0ec189a11f31f0d6d0c0031b569",
                    "passes": 0,
                    "fails": 1
                },
                "503 Service Unavailable": {
                    "name": "503 Service Unavailable",
                    "path": "::503 Service Unavailable",
                    "id": "f1ea1a22be0dc738c385523a66ea1cd9",
                    "passes": 0,
                    "fails": 1
                },
                "504 Gateway Timeout": {
                    "name": "504 Gateway Timeout",
                    "path": "::504 Gateway Timeout",
                    "id": "218efb729cb654723ccd57c6ebbebe29",
                    "passes": 0,
                    "fails": 1
                }
            },
        "name": ""
    }
}