{
    "metrics": {
        "data_received": {
            "count": 6352,
            "rate": 5804.978317236217
        },
        "http_req_tls_handshaking": {
            "avg": 5.0122,
            "min": 5.0122,
            "med": 5.0122,
            "max": 5.0122,
            "p(90)": 5.0122,
            "p(95)": 5.0122
        },
        "data_sent": {
            "count": 608,
            "rate": 555.6402419520812
        },
        "iteration_duration": {
            "max": 1093.2128,
            "p(90)": 1093.2128,
            "p(95)": 1093.2128,
            "avg": 1093.2128,
            "min": 1093.2128,
            "med": 1093.2128
        },
        "vus_max": {
            "value": 1,
            "min": 1,
            "max": 1
        },
        "http_req_blocked": {
            "max": 20.5032,
            "p(90)": 20.5032,
            "p(95)": 20.5032,
            "avg": 20.5032,
            "min": 20.5032,
            "med": 20.5032
        },
        "http_req_duration{expected_response:true}": {
            "p(90)": 70.8305,
            "p(95)": 70.8305,
            "avg": 70.8305,
            "min": 70.8305,
            "med": 70.8305,
            "max": 70.8305
        },
        "http_req_connecting": {
            "avg": 5.9924,
            "min": 5.9924,
            "med": 5.9924,
            "max": 5.9924,
            "p(90)": 5.9924,
            "p(95)": 5.9924
        },
        "vus": {
            "value": 1,
            "min": 1,
            "max": 1
        },
        "http_req_sending": {
            "p(90)": 0,
            "p(95)": 0,
            "avg": 0,
            "min": 0,
            "med": 0,
            "max": 0
        },
        "http_req_waiting": {
            "avg": 70.8305,
            "min": 70.8305,
            "med": 70.8305,
            "max": 70.8305,
            "p(90)": 70.8305,
            "p(95)": 70.8305
        },
        "http_req_failed": {
            "passes": 0,
            "fails": 1,
            "value": 0
        },
        "http_req_receiving": {
            "avg": 0,
            "min": 0,
            "med": 0,
            "max": 0,
            "p(90)": 0,
            "p(95)": 0
        },
        "iterations": {
            "count": 1,
            "rate": 0.9138819768948704
        },
        "http_reqs": {
            "count": 1,
            "rate": 0.9138819768948704
        },
        "checks": {
            "passes": 1,
            "fails": 12,
            "value": 0.07692307692307693
        },
        "http_req_duration": {
            "p(90)": 70.8305,
            "p(95)": 70.8305,
            "avg": 70.8305,
            "min": 70.8305,
            "med": 70.8305,
            "max": 70.8305
        }
    },
    "root_group": {
        "name": "",
        "path": "",
        "id": "d41d8cd98f00b204e9800998ecf8427e",
        "groups": {},
        "checks": {
                "200 OK": {
                    "passes": 1,
                    "fails": 0,
                    "name": "200 OK",
                    "path": "::200 OK",
                    "id": "e9654c443eff553da9e69eda7007924e"
                },
                "201 Created": {
                    "name": "201 Created",
                    "path": "::201 Created",
                    "id": "728dcd977aae263ca314731145e1d447",
                    "passes": 0,
                    "fails": 1
                },
                "204 No Content": {
                    "path": "::204 No Content",
                    "id": "54fa3c2eda34e1622fda2da5e0479fc5",
                    "passes": 0,
                    "fails": 1,
                    "name": "204 No Content"
                },
                "400 Bad Request": {
                    "path": "::400 Bad Request",
                    "id": "eeae81934b9b58bccaf0184a6d070338",
                    "passes": 0,
                    "fails": 1,
                    "name": "400 Bad Request"
                },
                "401 Unauthorized": {
                    "fails": 1,
                    "name": "401 Unauthorized",
                    "path": "::401 Unauthorized",
                    "id": "6ae9254e6aefe7f0bafe5102fa7e20a5",
                    "passes": 0
                },
                "403 Forbidden": {
                    "name": "403 Forbidden",
                    "path": "::403 Forbidden",
                    "id": "655548b761742c5a7ad15aa7df3a5d9c",
                    "passes": 0,
                    "fails": 1
                },
                "404 Not Found": {
                    "name": "404 Not Found",
                    "path": "::404 Not Found",
                    "id": "df1528f9925ca236bac51008f77b774a",
                    "passes": 0,
                    "fails": 1
                },
                "422 Unprocessable Content": {
                    "passes": 0,
                    "fails": 1,
                    "name": "422 Unprocessable Content",
                    "path": "::422 Unprocessable Content",
                    "id": "d94c37ab64a32602add978a71bd22822"
                },
                "429 Too Many Requests": {
                    "name": "429 Too Many Requests",
                    "path": "::429 Too Many Requests",
                    "id": "b810c35b9499cc7342fd415032e3a6aa",
                    "passes": 0,
                    "fails": 1
                },
                "500 Internal Server Error": {
                    "name": "500 Internal Server Error",
                    "path": "::500 Internal Server Error",
                    "id": "3cd96245b24e869810efe46d533b0eef",
                    "passes": 0,
                    "fails": 1
                },
                "502 Bad Gateway": {
                    "name": "502 Bad Gateway",
                    "path": "::502 Bad Gateway",
                    "id": "712cb0ec189a11f31f0d6d0c0031b569",
                    "passes": 0,
                    "fails": 1
                },
                "503 Service Unavailable": {
                    "name": "503 Service Unavailable",
                    "path": "::503 Service Unavailable",
                    "id": "f1ea1a22be0dc738c385523a66ea1cd9",
                    "passes": 0,
                    "fails": 1
                },
                "504 Gateway Timeout": {
                    "passes": 0,
                    "fails": 1,
                    "name": "504 Gateway Timeout",
                    "path": "::504 Gateway Timeout",
                    "id": "218efb729cb654723ccd57c6ebbebe29"
                }
            }
    }
}